popularity,english_title,release_year,runtime,tmdb_id,imdbRating,imdbVotes,rtAudienceRating,poster,backdrop,imdb_id,created_at,run_id,rtAudienceVotes,rt_id,lb_id,lbRating,lbVotes,tmdbRating,tmdbVotes,rtCriticRating,rtCriticVotes
18.2606,Predator,1987,107,106,7.8,496241,87,https://image.tmdb.org/t/p/w500/aN3cdjIK70KGmD84et8MMblU87Q.jpg,https://image.tmdb.org/t/p/w1280/otkJlfjB7zJ5h34FEIfemenMbCy.jpg,tt0093773,2026-01-16 11:52:01.778288+00,219,250000,/m/predator,tmdb/106,3.8,558944,75,8856,64,114
10.9259,Pretty Woman,1990,120,114,9,400916,68,https://image.tmdb.org/t/p/w500/hVHUfT801LQATGd26VPzhorIYza.jpg,https://image.tmdb.org/t/p/w1280/sGEqHTylawwS6hwKultk1mKUjdB.jpg,tt0100405,2026-01-20 17:15:21.870958+00,228,250000,/m/pretty_woman,tmdb/114,3.7,1114079,75,8831,64,78
17.4644,"The Good, the Bad and the Ugly",1966,161,429,10,884837,97,https://image.tmdb.org/t/p/w500/bX2xnavhMYjWDoZp1VM6VnU1xwe.jpg,https://image.tmdb.org/t/p/w1280/Adrip2Jqzw56KeuV2nAxucKMNXA.jpg,tt0060196,2026-01-16 11:52:01.778288+00,150,100000,/m/the_good_the_bad_and_the_ugly,tmdb/429,4.5,688330,85,9418,97,76
10.8343,Grease,1978,110,621,8,323774,87,https://image.tmdb.org/t/p/w500/2rM7fQKpb7cs1Iq7IBqub9LFDzJ.jpg,https://image.tmdb.org/t/p/w1280/mGPc6OBx75S1MuMjgx0pQHIyt8e.jpg,tt0077631,2026-02-18 14:30:00.230817+00,228,250000,/m/grease,tmdb/621,3.5,1049021,74,7571,65,157
22.0302,Pulp Fiction,1994,154,680,10,2414076,96,https://image.tmdb.org/t/p/w500/vQWk5YBFWF4bZaofAbv0tShwBvQ.jpg,https://image.tmdb.org/t/p/w1280/96hiUXEuYsu4tcnvlaY8tEMFM0m.jpg,tt0110912,2026-02-18 14:30:00.230817+00,228,250000,/m/pulp_fiction,tmdb/680,4.2,3919327,85,29690,92,186
1.0145,Home Alone,1990,103,771,10,737937,81,https://image.tmdb.org/t/p/w500/i5We88HdO9Nsrv8xLyo4toNsLUM.jpg,https://image.tmdb.org/t/p/w1280/ih2xVgeMS8R5WUetYE8Mr9hVTlB.jpg,tt0099785,2026-01-16 11:52:01.778288+00,169,250000,/m/home_alone,tmdb/771,3.9,2585349,75,12289,66,116
20.417,Se7en,1995,127,807,10,1998075,95,https://image.tmdb.org/t/p/w500/191nKfP0ehp3uIvWqgPbFmI4lv9.jpg,https://image.tmdb.org/t/p/w1280/iwgl8zlrrfvfWp9k9Paj8lvFEvS.jpg,tt0114369,2026-01-16 11:52:01.778288+00,228,250000,/m/seven,tmdb/807,4.4,3255756,84,22622,84,156
18.396,The Lion King,1994,89,8587,10,1247844,93,https://image.tmdb.org/t/p/w500/sKCr78MXSLixwmZ8DyJLrpMsd15.jpg,https://image.tmdb.org/t/p/w1280/6GF9uJs7AnbcJvyfoZyjZv063Oo.jpg,tt0110357,2026-02-04 10:37:03.53861+00,228,250000,/m/the_lion_king,tmdb/8587,4.2,1929371,83,19380,92,172
3.538,Rat Race,2001,112,9896,7,129793,64,https://image.tmdb.org/t/p/w500/3dpim9bLdi5uh55idJ6HxA7eZH4.jpg,https://image.tmdb.org/t/p/w1280/vian6RN3bC4QdBQzY1wTmBkhxVQ.jpg,tt0250687,2026-02-18 14:30:00.230817+00,228,250000,/m/rat_race,tmdb/9896,3.2,86874,63,1920,44,128
12.5042,Beauty and the Beast,1991,84,10020,10,502786,94,https://image.tmdb.org/t/p/w500/hUJ0UvQ5tgE2Z9WpfuduVSdiCiU.jpg,https://image.tmdb.org/t/p/w1280/fW4ZCoEZRBqLAJGFQ2g5AdAfPQR.jpg,tt0101414,2026-02-04 10:37:03.53861+00,219,250000,/m/beauty_and_the_beast_1991,tmdb/10020,3.9,865128,77,10508,95,170
1.8208,Sliding Doors,1998,99,10215,8,75075,77,https://image.tmdb.org/t/p/w500/s8VOVTywXZIIHqdEjkCZziH0ebq.jpg,https://image.tmdb.org/t/p/w1280/1dApwEEMrk7QnUb1EpyYWrG6nRh.jpg,tt0120148,2026-01-16 11:52:01.778288+00,144,50000,/m/sliding_doors,tmdb/10215,3.1,55267,66,1394,65,54
1.1782,Bella,2006,91,12586,9,11251,81,https://image.tmdb.org/t/p/w500/bNMzx71jw8OU9indcV5Hc7eE53w.jpg,https://image.tmdb.org/t/p/w1280/tkD3cj2Yh6TgAqkZaWYxqrBGd2X.jpg,tt0482463,2026-02-04 10:37:03.53861+00,219,10000,/m/bella,tmdb/12586,3.1,1722,63,99,45,64
6.3127,The Sound of Music,1965,174,15121,8.1,289040,91,https://image.tmdb.org/t/p/w500/c6CrUZypAsBCaRWX0M3RVRDbhNS.jpg,https://image.tmdb.org/t/p/w1280/ioQYjcRnU54ir5ltgyS7k53zw5x.jpg,tt0059742,2026-01-16 11:52:01.778288+00,144,250000,/m/sound_of_music,tmdb/15121,4.2,613515,77,3554,83,78
7.5888,Looper,2012,118,59967,8,626086,82,https://image.tmdb.org/t/p/w500/sNjL6SqErDBE8OUZlrDLkexfsCj.jpg,https://image.tmdb.org/t/p/w1280/4GPCnwvTbsDleH5QIOyDLMsK8a2.jpg,tt1276104,2026-02-02 07:28:03.449438+00,169,100000,/m/looper,tmdb/59967,3.6,451146,69,10688,93,274
117.2254,Avatar: Fire and Ash,2025,198,83533,7.4,130926,90,https://image.tmdb.org/t/p/w500/bRBeSHfGHwkEpImlhxPmOcUsaeg.jpg,https://image.tmdb.org/t/p/w1280/sdZSjtGUTSN8B3al5o0f2WoQfQQ.jpg,tt1757678,2026-01-16 11:52:01.778288+00,242,10000,/m/avatar_fire_and_ash,tmdb/83533,3.6,1264079,73,1788,66,350
46.1694,Interstellar,2014,169,157336,8.7,2472939,87,https://image.tmdb.org/t/p/w500/gEU2QniE6E77NI6lCU6MxlNBvIx.jpg,https://image.tmdb.org/t/p/w1280/2ssWTSVklAEc98frZUQhgtGHx7s.jpg,tt0816692,2026-01-16 11:52:01.778288+00,161,100000,/m/interstellar_2014,tmdb/157336,4.4,5192290,85,38903,73,374
8.7551,How to Train Your Dragon: The Hidden World,2019,104,166428,7.4,176485,87,https://image.tmdb.org/t/p/w500/xvx4Yhf0DVH8G4LzNISpMfFBDy2.jpg,https://image.tmdb.org/t/p/w1280/h3KN24PrOheHVYs9ypuOIdFBEpX.jpg,tt2386490,2026-02-02 07:28:03.449438+00,169,50000,/m/how_to_train_your_dragon_the_hidden_world,tmdb/166428,3.7,606271,77,6965,90,272
12.9318,Furious 7,2015,139,168259,8,437072,82,https://image.tmdb.org/t/p/w500/ktofZ9Htrjiy0P6LEowsDaxd3Ri.jpg,https://image.tmdb.org/t/p/w1280/ehzI1mVcnHqB58NqPyQwpMqcVoz.jpg,tt2820852,2026-01-16 11:52:01.778288+00,144,100000,/m/furious_7,tmdb/168259,3.3,432425,72,11136,81,279
0.24,A Man for Burning,1962,92,225940,7,214,,https://image.tmdb.org/t/p/w500/w0EBcuSKeGdrKlIphJ7LlnVetDC.jpg,https://image.tmdb.org/t/p/w1280/iWsCEMisUj2zL6eKaf4N1wnzBVq.jpg,tt0056640,2026-02-11 06:08:40.468456+00,224,,/m/uomo-da-bruciare-un-a-man-for-burning,tmdb/225940,3.3,211,52,8,,0
7.1171,The Grinch,2018,85,360920,6.4,112946,54,https://image.tmdb.org/t/p/w500/smxA8yvZ0LzDPer9BIRd4pyOpx1.jpg,https://image.tmdb.org/t/p/w1280/5lWIYxYEqWi8j3ZloxXntw3ImBo.jpg,tt2709692,2026-01-20 17:15:21.870958+00,228,10000,/m/the_grinch,tmdb/360920,3,386134,69,4377,60,198
14.5664,Kill Bill: The Whole Bloody Affair,2011,247,414419,10,25638,,https://image.tmdb.org/t/p/w500/lRQHS8x9ofDPVx9gjq6sGAfERkf.jpg,https://image.tmdb.org/t/p/w1280/qe4Tp0hURXqiih5AV1kHimXIt3u.jpg,tt6019206,2026-02-11 06:08:40.468456+00,229,,,tmdb/414419,4.5,179532,80,1147,,
65.0169,Now You See Me: Now You Don't,2025,113,425274,5.9,53660,80,https://image.tmdb.org/t/p/w500/oD3Eey4e4Z259XLm3eD3WGcoJAh.jpg,https://image.tmdb.org/t/p/w1280/dHSz0tSFuO2CsXJ1CApSauP9Ncl.jpg,tt4712810,2026-01-16 11:52:01.778288+00,229,2500,/m/now_you_see_me_now_you_dont_2025,tmdb/425274,3,448217,65,1074,61,145
3.5838,I Feel Pretty,2018,110,460668,8,60145,35,https://image.tmdb.org/t/p/w500/iuPs45XIxfARKPLEkCGXWUrBrTR.jpg,https://image.tmdb.org/t/p/w1280/7XM7kxa3U2g8TO3OGSiETCroNRD.jpg,tt6791096,2026-01-16 11:52:01.778288+00,144,2500,/m/i_feel_pretty_2018,tmdb/460668,2.4,84328,64,2099,35,230
38.0304,No Other Choice,2025,139,639988,7.6,43665,93,https://image.tmdb.org/t/p/w500/sBpxTGLzKnvPSVtL5yQYpSxvKEb.jpg,https://image.tmdb.org/t/p/w1280/s6aB9kjxNg0mu2361IkCUSpyHJV.jpg,tt1527793,2026-02-04 10:37:03.53861+00,229,,/m/no_other_choice,tmdb/639988,4.1,570131,76,693,97,226
35.9144,Return to Silent Hill,2026,106,680493,4.1,10597,30,https://image.tmdb.org/t/p/w500/fqAGFN2K2kDL0EHxvJaXzaMUkkt.jpg,https://image.tmdb.org/t/p/w1280/nTbO6UF944b0VZrgypMK5rFYRSW.jpg,tt22868010,2026-02-04 10:37:03.53861+00,229,,/m/return_to_silent_hill,tmdb/680493,1.5,90223,52,163,19,62
0.8448,Fleak,2025,83,680770,,,,https://image.tmdb.org/t/p/w500/xfTB0HLxD1mwoFTHWhQrxJI1Q5n.jpg,https://image.tmdb.org/t/p/w1280/hyQPfCbALQmi0FQc2vLFyfENpHM.jpg,tt14813764,2026-03-01 23:46:36.91303+00,242,,,,,,,,,
24.5748,Cold Storage,2026,99,696393,7,1794,80,https://image.tmdb.org/t/p/w500/pfqkETJ2A3zXZJuNcufZbAJNnKA.jpg,https://image.tmdb.org/t/p/w1280/yHlVD4zBJ2MMevQo2uVb8m8LWOm.jpg,tt8879928,2026-01-31 16:29:13.35286+00,229,10,/m/cold_storage_2026,tmdb/696393,2.9,17494,60,20,77,62
15.1761,Hitpig!,2024,85,756397,5,1339,62,https://image.tmdb.org/t/p/w500/bYa20LYAZ3Q7lKXtLYybo0yWWTN.jpg,https://image.tmdb.org/t/p/w1280/leobhCk6L86BEBnx1t6URQcIdQW.jpg,tt13176330,2026-01-16 11:52:01.778288+00,153,50,/m/hitpig,tmdb/756397,2.4,2333,68,42,52,23
0.1626,Dance of the Cookoos,1982,91,761158,6.8,29,95,https://image.tmdb.org/t/p/w500/sHofkHYMJygbvuVKKAR6ZHqMwUc.jpg,,tt0366336,2026-01-16 11:52:01.778288+00,144,50,,tmdb/761158,4.75,10,0,0,95,1
2.8465,Chickenhare and the Hamster of Darkness,2022,91,778855,7,3510,75,https://image.tmdb.org/t/p/w500/2v6f1EqTo4FUxVT9MDXpF6158AX.jpg,https://image.tmdb.org/t/p/w1280/7neeXze9HB3MTxDYyh3wwysydMN.jpg,tt12532368,2026-02-18 15:23:47.178654+00,229,50,/m/chickenhare_and_the_hamster_of_darkness,tmdb/778855,2.8,4220,73,276,,4
23.0052,"Silent Night, Deadly Night",2025,96,801937,8,4927,78,https://image.tmdb.org/t/p/w500/xCdSd7NnRdnL8DGLVhI95WhUNoi.jpg,https://image.tmdb.org/t/p/w1280/kv8kCuvfhSQ50YxjowqpVn1QqhJ.jpg,tt34508974,2026-01-16 11:52:01.778288+00,161,100,/m/silent_night_deadly_night_2025,tmdb/801937,3,24695,62,81,77,96
246.3267,Greenland 2: Migration,2026,98,840464,5.3,18980,67,https://image.tmdb.org/t/p/w500/z2tqCJLsw6uEJ8nJV8BsQXGa3dr.jpg,https://image.tmdb.org/t/p/w1280/tyjXlexbNZQ0ZT1KEJslQtBirqc.jpg,tt14850054,2026-01-16 11:52:01.778288+00,229,1000,/m/greenland_2_migration,tmdb/840464,2.3,45104,65,478,49,95
62.6708,Hamnet,2025,126,858024,7.9,58466,93,https://image.tmdb.org/t/p/w500/vbeyOZm2bvBXcbgPD3v6o94epPX.jpg,https://image.tmdb.org/t/p/w1280/73BClq9FOcrWrutnpiqhCNEWEwJ.jpg,tt14905854,2026-01-16 11:52:01.778288+00,242,10,/m/hamnet,tmdb/858024,4.2,925947,77,632,86,323
0.9645,Storm Crashers,2024,88,945013,10,651,95,https://image.tmdb.org/t/p/w500/A5RriNlmRK9Efcgi1zXHZqOp8vU.jpg,https://image.tmdb.org/t/p/w1280/2h6qOO1fdlv3MtZKFOSobu1No9K.jpg,tt8816708,2026-01-16 11:52:01.778288+00,229,50,/m/storm_crashers,tmdb/945013,2.9,516,70,28,95,4
0.7928,Maria Montessori,2023,100,959395,10,1162,95,https://image.tmdb.org/t/p/w500/zonDvNfq4UPqHMB7NlnHnpYcj0B.jpg,https://image.tmdb.org/t/p/w1280/sg2iCpfERyX4xyqZipfvNqSAHbx.jpg,tt15389042,2026-01-16 11:52:01.778288+00,229,10000,/m/the_super_mario_bros_movie,tmdb/959395,3.3,4709,70,94,59,288
17.1034,Wicked: For Good,2025,137,967941,7,58031,95,https://image.tmdb.org/t/p/w500/si9tolnefLSUKaqQEGz1bWArOaL.jpg,https://image.tmdb.org/t/p/w1280/cGbPBHKSFO7hSIjxkb3KOaGdOep.jpg,tt19847976,2026-01-16 11:52:01.778288+00,229,25000,/m/wicked_2024,tmdb/967941,3.4,1162478,67,816,88,407
0.7849,Inspector Sun and the Curse of the Black Widow,2022,88,987750,2,663,38,https://image.tmdb.org/t/p/w500/zUYleUhOpEew8wdcusS0eGytZ6T.jpg,https://image.tmdb.org/t/p/w1280/oMsoN3RsJEjxOWcImvwTffEnkMd.jpg,tt6661616,2026-01-20 17:15:21.870958+00,153,50,/m/inspector_sun,tmdb/987750,2.6,968,67,151,81,26
51.8649,The SpongeBob Movie: Search for SquarePants,2025,89,991494,5.7,6870,68,https://image.tmdb.org/t/p/w500/xJnOMMsFASxNiFnG7v3TNIQ3ife.jpg,https://image.tmdb.org/t/p/w1280/gbjK8p5S1aLXWCwOoXqr9aWZvqG.jpg,tt23572848,2026-01-16 11:52:01.778288+00,242,10,/m/the_spongebob_movie_search_for_squarepants,tmdb/991494,2.5,82844,67,202,80,70
18.497,The Strangers: Chapter 3,2026,92,1010755,2,1455,49,https://image.tmdb.org/t/p/w500/yPegTig8dQNYiW2UW21LTNChGkK.jpg,https://image.tmdb.org/t/p/w1280/fPfDB0IHOqvmKIzFP9CA51OOS1N.jpg,tt28682323,2026-01-31 16:29:13.35286+00,229,10,/m/the_strangers_chapter_3,tmdb/1010755,1.7,13702,64,10,18,44
13.3712,Die My Love,2025,119,1033148,4,37281,46,https://image.tmdb.org/t/p/w500/kajpShbFhOdpl6yCrLezMrr9tB4.jpg,https://image.tmdb.org/t/p/w1280/dEkFlZzj2cb5F7SShvqkL54E4lr.jpg,tt9362736,2026-02-02 07:28:03.449438+00,229,500,/m/die_my_love_2025,tmdb/1033148,3.2,394451,61,391,74,261
0.6582,Bull Run,2025,97,1037925,1,258,95,https://image.tmdb.org/t/p/w500/pa97Vu2Vy5oJWWxtxFZIXaQsSEU.jpg,https://image.tmdb.org/t/p/w1280/oylRawElar6jIpDjpIGIzxjTkvt.jpg,tt18950566,2026-01-16 11:52:01.778288+00,229,10,/m/bull_run,tmdb/1037925,2.7,442,59,7,95,9
65.5191,Dust Bunny,2025,106,1043197,6.5,9785,81,https://image.tmdb.org/t/p/w500/vobigFZFvbYPf6ElYJu07P9rH8C.jpg,https://image.tmdb.org/t/p/w1280/AecGG1XVCmkk7fT10ko3FC0dLIP.jpg,tt23172090,2026-01-16 11:52:01.778288+00,154,100,/m/dust_bunny,tmdb/1043197,3.3,24890,67,173,85,109
38.6067,One Battle After Another,2025,162,1054867,7.7,327083,85,https://image.tmdb.org/t/p/w500/lbBWwxBht4JFP5PsuJ5onpMqugW.jpg,https://image.tmdb.org/t/p/w1280/gre7gyocZSuwd7M51CGlqsJqBmB.jpg,tt30144839,2026-01-16 11:52:01.778288+00,242,5000,/m/one_battle_after_another,tmdb/1054867,4.2,2167354,74,2842,94,434
9999999,Queen Mom,2025,93,1063873,5.1,104,95,https://image.tmdb.org/t/p/w500/nmFgyl5dS3Ed0HR9KIxQPORLAKV.jpg,https://image.tmdb.org/t/p/w1280/3x5FyDjNb61cZMET8pqhoKygHau.jpg,tt32874862,2026-01-20 17:15:21.870958+00,242,10,,tmdb/1063873,3.1,1388,68,6,95,4
5.295,Miss Violet,2024,109,1063875,7,518,95,https://image.tmdb.org/t/p/w500/eFTgCTDbWMEsxOGZnQq78XoUMyY.jpg,https://image.tmdb.org/t/p/w1280/zT8LR9MkZuHZxJsaqgNpxUf9lxl.jpg,tt30192483,2026-01-16 11:52:01.778288+00,220,10,,tmdb/1063875,3.2,4123,70,55,95,10
158.4156,Zootopia 2,2025,108,1084242,7.4,83878,96,https://image.tmdb.org/t/p/w500/oJ7g2CifqpStmoYQyaLQgEU32qO.jpg,https://image.tmdb.org/t/p/w1280/5BeOSbwt6BR7q2Fax70lF4AIshD.jpg,tt26443597,2026-01-16 11:52:01.778288+00,242,5000,/m/zootopia_2,tmdb/1084242,3.8,1128670,76,1750,91,222
1.2522,Once Upon My Mother,2025,102,1107215,10,1659,95,https://image.tmdb.org/t/p/w500/rBgbsL6DOyLLqPD9JL2NIfv2bcY.jpg,https://image.tmdb.org/t/p/w1280/qMYb0pTEnsYsYPVD1uJIpOMumYB.jpg,tt29927144,2026-01-16 11:52:01.778288+00,229,50,/m/ma_mere_dieu_et_sylvie_vartan,tmdb/1107215,3.6,41079,70,211,95,3
6.8638,Pets on a Train,2025,87,1107216,10,929,83,https://image.tmdb.org/t/p/w500/b10qy1KwrfmH0MGS2rBUJ0BxgYB.jpg,https://image.tmdb.org/t/p/w1280/3Gjo73aMqNWxNdBa7PeEj7AXJ3E.jpg,tt36424914,2026-01-16 11:52:01.778288+00,229,50,/m/pets_on_a_train,tmdb/1107216,2.8,2270,70,37,95,9
9999999,"Good Luck, Have Fun, Don't Die",2026,134,1119449,7.5,4005,85,https://image.tmdb.org/t/p/w500/af7yguGbWQyvYtk6QCD5l4yBbKN.jpg,https://image.tmdb.org/t/p/w1280/yjOSpDQe8tzr8easpjTFVoQXsOX.jpg,tt1341338,2026-02-18 14:30:00.230817+00,242,,/m/good_luck_have_fun_dont_die,tmdb/1119449,3.5,44539,75,14,85,176
2.1432,When in Rome,2024,99,1119544,1,975,97,https://image.tmdb.org/t/p/w500/1BppPECgKyTmpsT9icpuHZy9r14.jpg,https://image.tmdb.org/t/p/w1280/co3sIugI7B3stDeaBfZXDWU80BP.jpg,tt27123082,2026-01-16 11:52:01.778288+00,219,500,/m/when_it_rains_in_la,tmdb/1119544,3.1,848,62,19,16,1
2.2214,The Proud Princess,2024,80,1134680,10,238,95,https://image.tmdb.org/t/p/w500/nWWkk5E8uiwNfywwcEFkEA5BObb.jpg,https://image.tmdb.org/t/p/w1280/nnDVfcM9J6FNBerIm0rjUsljwCx.jpg,tt10996076,2026-01-16 11:52:01.778288+00,242,0,/m/the_proud_princess,tmdb/1134680,3,345,68,8,95,0
9999999,Is This Thing On?,2025,121,1140498,6,6161,83,https://image.tmdb.org/t/p/w500/92laLBRtuyOm7l32XZJT7T6OXW1.jpg,https://image.tmdb.org/t/p/w1280/AkaC3h2NqSYX4NIHlqGKvrGOMeS.jpg,tt28083456,2026-02-02 07:28:03.449438+00,242,500,/m/is_this_thing_on,tmdb/1140498,3.5,77055,67,36,86,192
4.9601,Marsupilami,2026,99,1145899,7,332,95,https://image.tmdb.org/t/p/w500/rJNHFa07Id2ylQgw0ttzGwpeczE.jpg,https://image.tmdb.org/t/p/w1280/sd0QuOnKX0aM89nz886aQaixwCx.jpg,tt33029380,2026-02-02 07:28:03.449438+00,242,10,/m/marsupilami,tmdb/1145899,2.7,9920,67,36,95,0
1.6399,Yes,2025,152,1149614,5,503,95,https://image.tmdb.org/t/p/w500/vKcLVwN6gaohsZpNY9sAPEhQIgc.jpg,https://image.tmdb.org/t/p/w1280/rOl9x0SK2x9CSl6bV9R7Zny8O2A.jpg,tt36667493,2026-01-16 11:52:01.778288+00,220,50,/m/yes_2025,tmdb/1149614,3.5,5123,65,12,87,15
187.7203,Scream 7,2026,114,1159559,,,,https://image.tmdb.org/t/p/w500/jjyuk0edLiW8vOSnlfwWCCLpbh5.jpg,https://image.tmdb.org/t/p/w1280/nrNw1YMnKakUxzp8vjHnPmahoic.jpg,tt27047903,2026-02-18 14:30:00.230817+00,242,,/m/scream_7,tmdb/1159559,,,0,0,,0
21.9234,The Bride!,2026,126,1159831,,,,https://image.tmdb.org/t/p/w500/lV8YHwGkYZsm6EfIqnhaSz2avKt.jpg,https://image.tmdb.org/t/p/w1280/8XeUEIXiZiRNqz0EcKC65vje8Th.jpg,tt30851137,2026-03-01 23:46:36.91303+00,242,,,,,,,,,
51.1027,David,2025,109,1167307,,,,https://image.tmdb.org/t/p/w500/bESlrLOrsQ9gKzaGQGHXKOyIUtX.jpg,https://image.tmdb.org/t/p/w1280/oN4TQ1TxchynXlFiXFBL3NHLT54.jpg,tt15678738,2026-03-01 23:46:36.91303+00,242,,,,,,,,,
50.2377,Crime 101,2026,141,1171145,7.2,8460,85,https://image.tmdb.org/t/p/w500/2HoR2x23bqKpopluoBD1FH3tBi7.jpg,https://image.tmdb.org/t/p/w1280/yWZc7ZglTAecVLKHS0oROuetKce.jpg,tt32430579,2026-02-18 14:30:00.230817+00,242,,/m/crime_101_2026,tmdb/1171145,3.2,62018,70,65,87,159
0.9843,Moon the Panda,2025,99,1178532,8,387,95,https://image.tmdb.org/t/p/w500/2jcQNxdAt6ory848JlVGIuKbuKe.jpg,https://image.tmdb.org/t/p/w1280/qZmBjWUQDw0s7oUIDRT3hWkcWlO.jpg,tt35705226,2026-01-16 11:52:01.778288+00,229,50,/m/moon_the_panda,tmdb/1178532,2.4,1241,64,32,95,1
0.1637,Bull Run,2023,79,1180848,6.3,29,,https://image.tmdb.org/t/p/w500/e3MmfomS7to9U3Kqv1xyKTwrTal.jpg,https://image.tmdb.org/t/p/w1280/4jySMXDngNBZVspWRfN3hYY39KH.jpg,tt16302704,2026-02-18 14:30:00.230817+00,228,,/m/bull_run,tmdb/1180848,,,65,2,,9
10.802,She Rides Shotgun,2025,120,1196573,8,12344,92,https://image.tmdb.org/t/p/w500/nvqW8mOm818QDio3GKKmPLK8kXj.jpg,https://image.tmdb.org/t/p/w1280/ytCi1wg6YHpYcFRWCO2jpzN31Kf.jpg,tt27986457,2026-01-16 11:52:01.778288+00,153,50,/m/she_rides_shotgun,tmdb/1196573,3.4,20912,70,237,88,74
32.6686,We Bury the Dead,2026,95,1198984,5.6,7602,46,https://image.tmdb.org/t/p/w500/xZqo0yPARmyF8TACVNyaOACkYWG.jpg,https://image.tmdb.org/t/p/w1280/vbkW4KerpshPZnP84w9qwSfYrhu.jpg,tt29713093,2026-01-16 11:52:01.778288+00,220,500,,tmdb/1198984,2.8,37562,63,101,86,95
38.0516,Send Help,2026,113,1198994,7.2,28240,87,https://image.tmdb.org/t/p/w500/kL4MgAIZIYX3sCeG34N0XfVhCtt.jpg,https://image.tmdb.org/t/p/w1280/hO2jx1H3XafR7Y8QbFgVH1sHTY9.jpg,tt8036976,2026-01-31 16:29:13.35286+00,242,1000,/m/send_help,tmdb/1198994,3.5,370793,71,303,93,261
15.9317,Night of the Zoopocalypse,2025,91,1205229,7,1789,81,https://image.tmdb.org/t/p/w500/nCejOVZcOxKS27nnbh28NKXOdXF.jpg,https://image.tmdb.org/t/p/w1280/h2SEtzuABKmcZAnKBJ1za3kETTY.jpg,tt29544253,2026-01-16 11:52:01.778288+00,229,50,/m/night_of_the_zoopocalypse,tmdb/1205229,2.9,5252,66,76,88,34
20.6456,Rental Family,2025,110,1208348,8,30210,96,https://image.tmdb.org/t/p/w500/A5lswNlytTUrnMWsuD0NFfhZlf3.jpg,https://image.tmdb.org/t/p/w1280/ufuabtiOem0kHeYz6b8x8MjBb2L.jpg,tt14142060,2026-01-16 11:52:01.778288+00,229,10,/m/rental_family,tmdb/1208348,3.9,189094,78,380,87,194
3.7283,Rebuilding,2025,96,1211442,10,1471,88,https://image.tmdb.org/t/p/w500/7cDCGKBA6XANFDw4km9GvDnFBHw.jpg,https://image.tmdb.org/t/p/w1280/zfhAzbZXg24Z9INMcRfkr45mH91.jpg,tt29361963,2026-02-18 14:30:00.230817+00,229,50,/m/rebuilding,tmdb/1211442,3.6,13617,69,33,93,72
7.9536,Border 2,2026,199,1213898,5,17687,83,https://image.tmdb.org/t/p/w500/AmrCgmDPEJ6QxllS1rhjYwgO9Wb.jpg,https://image.tmdb.org/t/p/w1280/fzo85eKFEjfmJ781gubJQjpQAwF.jpg,tt30387012,2026-01-31 16:29:13.35286+00,220,100,/m/border_2,tmdb/1213898,3,2149,74,8,75,12
23.6587,Nuremberg,2025,149,1214931,8,60801,95,https://image.tmdb.org/t/p/w500/7cWTGH2svfNHWVRjsfKIBob9pDj.jpg,https://image.tmdb.org/t/p/w1280/xsO1Qgru8sETLTcVla8MrqxOVr0.jpg,tt29567915,2026-01-16 11:52:01.778288+00,229,1000,/m/nuremberg_2025,tmdb/1214931,3.5,162131,73,599,72,193
4.3098,Chickenhare and the Secret of the Groundhog,2025,88,1215532,6.9,145,95,https://image.tmdb.org/t/p/w500/cUCwWxHF1bRfqeY7beZfsvT7WBR.jpg,https://image.tmdb.org/t/p/w1280/8E5UnnGpiYgOQUhCaHkP5FUOHwK.jpg,tt31260224,2026-01-31 17:28:28.820221+00,229,0,/m/chickenhare_and_the_secret_of_the_groundhog,tmdb/1215532,3.2,513,73,5,95,1
19.1342,The Secret Agent,2025,161,1220564,8,27852,83,https://image.tmdb.org/t/p/w500/iLE2YOmeboeTDC7GlOp1dzh1VFo.jpg,https://image.tmdb.org/t/p/w1280/eeGRpU64sIrRApjWXvTpK5Lep2K.jpg,tt27847051,2026-01-16 11:52:01.778288+00,229,250,/m/the_secret_agent_2025,tmdb/1220564,3.9,346768,75,361,98,172
2.4358,Sound of Falling,2025,148,1221061,7,3557,95,https://image.tmdb.org/t/p/w500/mv2edAI0vmheVVcv4mIVW5X8GNP.jpg,https://image.tmdb.org/t/p/w1280/cXr5YOMJKZBkokgNogHjEyFZLc6.jpg,tt28690468,2026-01-16 11:52:01.778288+00,144,50,/m/sound_of_falling,tmdb/1221061,3.7,30228,67,53,93,70
36.186,Five Nights at Freddy's 2,2025,104,1228246,5.2,33012,84,https://image.tmdb.org/t/p/w500/udAxQEORq2I5wxI97N2TEqdhzBE.jpg,https://image.tmdb.org/t/p/w1280/54BOXpX2ieTXMDzHymdDMnUIzYG.jpg,tt30274401,2026-01-16 11:52:01.778288+00,154,5000,/m/five_nights_at_freddys_2,tmdb/1228246,2.6,673419,67,747,16,129
74.0102,Anaconda,2025,100,1234731,5.6,34176,75,https://image.tmdb.org/t/p/w500/qxMv3HwAB3XPuwNLMhVRg795Ktp.jpg,https://image.tmdb.org/t/p/w1280/swxhEJsAWms6X1fDZ4HdbvYBSf9.jpg,tt33244668,2026-01-16 11:52:01.778288+00,229,1000,/m/anaconda_2025,tmdb/1234731,2.5,200357,58,635,48,154
581.4114,Mercy,2026,100,1236153,6.2,15482,83,https://image.tmdb.org/t/p/w500/pyok1kZJCfyuFapYXzHcy7BLlQa.jpg,https://image.tmdb.org/t/p/w1280/7HKpc11uQfxnw0Y8tRUYn1fsKqE.jpg,tt31050594,2026-01-16 11:52:01.778288+00,229,1000,/m/mercy_2026,tmdb/1236153,2.5,66997,68,294,24,171
31.9155,Young Mothers,2025,106,1242015,7,1589,95,https://image.tmdb.org/t/p/w500/okfaa71H1P0WC1uzYliOgYS2gte.jpg,https://image.tmdb.org/t/p/w1280/7UsW6pKkCdCmceBmdQ0MvV6zKhL.jpg,tt32909489,2026-01-16 11:52:01.778288+00,158,50,/m/young_mothers,tmdb/1242015,3.4,11740,65,42,95,61
18.1047,Playdate,2025,93,1248226,6,25167,57,https://image.tmdb.org/t/p/w500/fGodXWqJkkkbSebPIlxLSygV8GY.jpg,https://image.tmdb.org/t/p/w1280/5lQ4euO30sDin5nCifvi0vURFNd.jpg,tt31425731,2026-01-16 11:52:01.778288+00,229,500,/m/playdate_2025,tmdb/1248226,2.2,50376,60,507,23,31
0.452,Little Emma,2024,80,1255069,5.3,173,95,https://image.tmdb.org/t/p/w500/x1zZnDu0Y0JdozO8tnVuG8Ua1aX.jpg,https://image.tmdb.org/t/p/w1280/4gd1HMGL7r2h2hLow1UIjvYMxox.jpg,tt23322940,2026-01-16 11:52:01.778288+00,229,0,/m/little_emma,tmdb/1255069,4.75,10,70,10,95,0
5.9721,The Choral,2025,113,1262815,,,,https://image.tmdb.org/t/p/w500/yQtms7CSM0CE0W6dYbLLAATb5rL.jpg,https://image.tmdb.org/t/p/w1280/4zyeIE8ceP95gehaPsgqamEYRuy.jpg,tt31851518,2026-03-01 23:46:36.91303+00,242,,,,,,,,,
0.399,Spices and Lies,2025,104,1266826,6.3,58,95,https://image.tmdb.org/t/p/w500/a70a7qC808rx05AL7GQpAloG350.jpg,https://image.tmdb.org/t/p/w1280/t8VKHx1n1zismz8qllx7EMuL74N.jpg,tt34487826,2026-01-16 11:52:01.778288+00,229,10,,tmdb/1266826,3.2,1241,72,6,95,250
227.7669,28 Years Later: The Bone Temple,2026,109,1272837,7.6,45595,88,https://image.tmdb.org/t/p/w500/kK1BGkG3KAvWB0WMV1DfOx9yTMZ.jpg,https://image.tmdb.org/t/p/w1280/hHDNOlATHhre4eZ7aYz5cdyJLik.jpg,tt32141377,2026-01-16 11:52:01.778288+00,220,1000,/m/28_years_later_the_bone_temple,tmdb/1272837,3.9,464439,72,446,92,318
18.7351,O'Romeo,2026,178,1275574,7,16641,,https://image.tmdb.org/t/p/w500/iD1C4p3S9KxsOiNGjbSTE2pISE4.jpg,https://image.tmdb.org/t/p/w1280/7AypNX6eZrqyUPZl77jvwTfHgeV.jpg,tt31969779,2026-02-10 20:06:33.501521+00,229,,/m/o_romeo,tmdb/1275574,,,60,1,,8
2.4371,Under the Stars,2025,99,1278983,4,523,95,https://image.tmdb.org/t/p/w500/oJjCXVwPbNq2QeNdNvG2atZHj11.jpg,https://image.tmdb.org/t/p/w1280/3NoOZppaNBXr9UUDZdzO3bQRPee.jpg,tt31614921,2026-01-16 11:52:01.778288+00,144,50,/m/under_the_stars_2025_2,tmdb/1278983,2.6,614,57,14,95,6
8.1306,Gabby's Dollhouse: The Movie,2025,98,1280282,5,2451,93,https://image.tmdb.org/t/p/w500/t6LLguAmu6iZUN8pWhT7Q0IcaQ5.jpg,https://image.tmdb.org/t/p/w1280/MrcSSzWGsXf2IUJpjPPFLlNbjX.jpg,tt32214143,2026-01-16 11:52:01.778288+00,154,500,/m/gabbys_dollhouse_the_movie,tmdb/1280282,2.6,6505,66,58,85,26
4.3998,Alpha,2025,128,1284460,3,2621,,https://image.tmdb.org/t/p/w500/iE3P4LFSJCBX5PRWxbPs7DQh7yI.jpg,https://image.tmdb.org/t/p/w1280/rakS8RAhKOMIplBi4RbluQg4Xqn.jpg,tt32275943,2026-02-10 20:06:33.501521+00,228,,/m/alpha_2025,tmdb/1284460,3.2,34354,65,89,56,62
10.8862,Pillion,2025,107,1287141,7,8784,78,https://image.tmdb.org/t/p/w500/7Pd6ChSQjSXy4snJiorSdzg2cG3.jpg,https://image.tmdb.org/t/p/w1280/rBYrtkAy9YtRuFpX1g6JbcjRT8h.jpg,tt32321317,2026-02-10 20:06:33.501521+00,229,100,/m/pillion,tmdb/1287141,3.5,91162,61,74,100,137
6.6092,Christy,2025,135,1287322,6,13486,95,https://image.tmdb.org/t/p/w500/ssy1uHGZkuXLkIWJWrtsBczPvVC.jpg,https://image.tmdb.org/t/p/w1280/d95WgAQXqDVlqbEHdLWfyvRG2ms.jpg,tt32323252,2026-01-16 11:52:01.778288+00,229,100,/m/christy_2025_2,tmdb/1287322,3.2,26635,73,86,67,200
1.891,The Great Arch,2025,104,1290424,5,949,95,https://image.tmdb.org/t/p/w500/5D6E7CuuFyXOmqlGVlUKP6tpNP3.jpg,https://image.tmdb.org/t/p/w1280/jCrMCnpQvCJOgEW4stUtbSBm17B.jpg,tt32398150,2026-01-20 17:15:21.870958+00,153,0,/m/the_great_arch,tmdb/1290424,3.6,15068,73,60,95,7
8.2127,A Private Life,2025,107,1290432,6,2055,65,https://image.tmdb.org/t/p/w500/AnZ9XzhouSSvQH337923RPFTaqK.jpg,https://image.tmdb.org/t/p/w1280/4218cv3nH0RrrfMdwaTnenguqOQ.jpg,tt33852162,2026-01-16 11:52:01.778288+00,229,100,/m/a_private_life_2025,tmdb/1290432,3.1,20382,58,79,81,108
506.2271,Shelter,2026,107,1290821,6.4,5822,87,https://image.tmdb.org/t/p/w500/buPFnHZ3xQy6vZEHxbHgL1Pc6CR.jpg,https://image.tmdb.org/t/p/w1280/6YjnTRBz704LF1uJ3ZC4wsS9T8r.jpg,tt32357218,2026-01-31 16:29:13.35286+00,242,250,/m/shelter_2026,tmdb/1290821,2.7,22096,75,47,64,107
99999999,Solo Mio,2026,100,1291335,8,3216,96,https://image.tmdb.org/t/p/w500/efSsZJaddeq0LOABZqpCXdMxv9P.jpg,https://image.tmdb.org/t/p/w1280/fTG8itSb1a4O2BgUMjXdwO64qTz.jpg,tt32306991,2026-01-16 11:52:01.778288+00,242,10,/m/solo_mio,tmdb/1291335,3.2,8041,82,5,80,41
2.2616,That Summer in Paris,2025,77,1294706,8,326,95,https://image.tmdb.org/t/p/w500/1z3jgsuyyudTPNvZMftK7FeHSDK.jpg,https://image.tmdb.org/t/p/w1280/iRAQwlMZ5L2TfQ4kx0YUg69VEdW.jpg,tt35489613,2026-01-16 11:52:01.778288+00,229,10,/m/that_summer_in_paris,tmdb/1294706,3.5,2861,63,13,95,6
7.0285,Stand Your Ground,2025,100,1296504,,,,https://image.tmdb.org/t/p/w500/u4GW1qTNjooEFSXDBVDMmYb52qC.jpg,https://image.tmdb.org/t/p/w1280/wE1TZtB5G1fdiln3PPnnLhExuCz.jpg,tt30826955,2026-03-01 23:46:36.91303+00,242,,,,,,,,,
999999,GOAT,2026,100,1297842,6.9,3179,93,https://image.tmdb.org/t/p/w500/wfuqMlaExcoYiUEvKfVpUTt1v4u.jpg,https://image.tmdb.org/t/p/w1280/1qwhYqg7YEZajh3Q4biqbuQoDq8.jpg,tt27613895,2026-02-10 20:06:33.501521+00,242,,/m/goat_2026,tmdb/1297842,3.4,43413,73,43,82,68
0.1049,Of Dogs and Men,2024,82,1299351,8,106,95,https://image.tmdb.org/t/p/w500/wgftB8FYzBU9wPCUTFoSk4bmUcu.jpg,https://image.tmdb.org/t/p/w1280/fITJwJ60BCq6nefEcMu0q3ujubu.jpg,tt32432999,2026-01-20 17:15:21.870958+00,229,0,/m/of_dogs_and_men,tmdb/1299351,3.3,273,0,1,95,6
0.0922,Grandmother and Foreigner,2024,115,1310024,10,85,90,https://image.tmdb.org/t/p/w500/v7yWGbMoAXz7GmB5BWB59nFQx7z.jpg,https://image.tmdb.org/t/p/w1280/80n5lgm9PReZmd1Vt8DWK0gtF2X.jpg,tt28279003,2026-01-16 11:52:01.778288+00,219,10,/m/avatar_fire_and_ash,tmdb/1310024,3.5,434,80,2,66,350
99999999,Somebody to Love,2025,97,1312157,6,4908,95,https://image.tmdb.org/t/p/w500/j0FOPkEflJN0nnyCvjENWZ116Mq.jpg,https://image.tmdb.org/t/p/w1280/tOwffsVVkPWaQGmWDoZxKhGmrNi.jpg,tt34621892,2026-01-31 16:29:13.35286+00,242,10,/m/madly_2025,tmdb/1312157,3.4,28713,72,538,80,10
133.5289,Primate,2026,89,1315303,5.9,17048,71,https://image.tmdb.org/t/p/w500/rKleYiEj4pFqxedTRWfujLooi84.jpg,https://image.tmdb.org/t/p/w1280/9uakM2woks0JV8HKIc4oatIVS88.jpg,tt33028778,2026-01-16 11:52:01.778288+00,229,1000,/m/primate_2025,tmdb/1315303,2.6,169752,66,345,78,191
999999999,"""Wuthering Heights""",2026,136,1316092,6.3,23163,77,https://image.tmdb.org/t/p/w500/ywRO5dyE8RyyXJd6cvd69jLZeic.jpg,https://image.tmdb.org/t/p/w1280/vSQSYd2zZTqc0zmHImwWEGGluMI.jpg,tt32897959,2026-01-21 06:05:43.374386+00,242,10,/m/wuthering_heights_2026,tmdb/1316092,2.9,519662,67,262,60,289
9999999999,Marty Supreme,2025,150,1317288,7.9,92353,82,https://image.tmdb.org/t/p/w500/lYWEXbQgRTR4ZQleSXAgRbxAjvq.jpg,https://image.tmdb.org/t/p/w1280/qKWDHofjMHPSEOTLaixkC9ZmjTT.jpg,tt32916440,2026-01-16 11:52:01.778288+00,242,5000,/m/marty_supreme,tmdb/1317288,4.2,1836368,76,826,94,341
0.5277,Addition,2026,91,1326036,10,104,95,https://image.tmdb.org/t/p/w500/psglZHima9p19Bz9UStWGnm9ZCk.jpg,https://image.tmdb.org/t/p/w1280/5QF8Zmx8zTGtdTLfDD1OdoYXkll.jpg,tt27722524,2026-01-21 06:05:43.374386+00,229,10,,tmdb/1326036,3.2,486,50,1,95,50
42.8254,Hoppers,2026,105,1327819,,,,https://image.tmdb.org/t/p/w500/d7WizU73PscO3dQor0Ogfx9xy8N.jpg,https://image.tmdb.org/t/p/w1280/2RrLuIfIzGWWIH8IAEo6o0IYHmx.jpg,tt26443616,2026-03-01 23:46:36.91303+00,242,,,,,,,,,
3.4809,A Pale View of Hills,2025,123,1337985,6,405,95,https://image.tmdb.org/t/p/w500/9A9FOqFH4UX9EGPxg9SFxO9gnag.jpg,https://image.tmdb.org/t/p/w1280/w94lnreSjvNWBu7zEEWo9yW7iqk.jpg,tt33253688,2026-01-31 16:29:13.35286+00,242,10,/m/a_pale_view_of_hills,tmdb/1337985,3.4,2947,79,10,63,16
0.3909,Three Men for Vilma,2024,90,1340922,6,350,95,https://image.tmdb.org/t/p/w500/m0AuWkI0mJzkF0beoysJkntBNse.jpg,https://image.tmdb.org/t/p/w1280/eNdkax16z4qrBer1jFThb6qh2YU.jpg,tt32766835,2026-01-20 17:15:21.870958+00,153,10,,tmdb/1340922,3.3,717,80,3,95,10
0.1109,Additional Scenes,2024,17,1360647,7.1,11,95,https://image.tmdb.org/t/p/w500/cdLDT2RuO26g4cMgJw93TZnh2IW.jpg,,tt32098268,2026-02-02 07:28:03.449438+00,228,5000,,tmdb/1360647,4.75,10,0,0,88,24
110.7472,The Housemaid,2025,131,1368166,6.8,89688,92,https://image.tmdb.org/t/p/w500/cWsBscZzwu5brg9YjNkGewRUvJX.jpg,https://image.tmdb.org/t/p/w1280/sK3z0Naed3H1Wuh7a21YRVMxYqt.jpg,tt27543632,2026-01-16 11:52:01.778288+00,242,5000,/m/the_housemaid_2025,tmdb/1368166,3,992126,72,1198,74,197
14.8288,Song Sung Blue,2025,133,1371185,9,15066,97,https://image.tmdb.org/t/p/w500/kQzDdxI0F5z16qo2vzDoqdVMl4O.jpg,https://image.tmdb.org/t/p/w1280/wLauNnJYmvVLN0MiOv0tjdiPs0J.jpg,tt30343021,2026-01-16 11:52:01.778288+00,229,2500,/m/song_sung_blue_2025,tmdb/1371185,3.3,74954,75,139,78,200
0.7563,Beyond After,2024,93,1375750,5.7,39,95,https://image.tmdb.org/t/p/w500/nC3tvV3G6ZgFS1V0Su3Rrn9DLif.jpg,https://image.tmdb.org/t/p/w1280/ewLyYUFFrMMw23aBtFN4SIF8ocz.jpg,tt35472558,2026-01-16 11:52:01.778288+00,153,10,,tmdb/1375750,2.7,558,53,3,95,10
5.6234,Kokuho,2025,174,1379266,8,2838,95,https://image.tmdb.org/t/p/w500/egDmNUBcSvu6aqQPCfyd1UneCYr.jpg,https://image.tmdb.org/t/p/w1280/3C8yAIuXlH4BGCpTwEetIv0VBt8.jpg,tt35231039,2026-01-16 11:52:01.778288+00,242,50,/m/kokuho,tmdb/1379266,3.9,18204,81,31,94,31
17.7386,La Grazia,2025,133,1397364,9,3959,75,https://image.tmdb.org/t/p/w500/u5RgunQiA4hvDfTeWO9pS0lm4K4.jpg,https://image.tmdb.org/t/p/w1280/baIjN7xPyw2In1CuHACTgzcsF20.jpg,tt34886821,2026-01-20 17:15:21.870958+00,153,50,/m/la_grazia,tmdb/1397364,3.7,38757,75,263,81,53
9999999,DJ Ahmet,2025,97,1400743,10,1243,,https://image.tmdb.org/t/p/w500/1qQq52OGWBLG8RUqcrphzI6DZKp.jpg,https://image.tmdb.org/t/p/w1280/pfblA9k7GAnAcwH1meNtkahHSYA.jpg,tt34964187,2026-02-04 10:37:03.53861+00,242,0,/m/dj_ahmet,tmdb/1400743,3.7,5994,74,11,92,24
0.4408,Hong Kong Classics Reimagined,2024,51,1402221,9.5,10,62,https://image.tmdb.org/t/p/w500/teRdWgTgnT4XvWhEETB9CnYFV7R.jpg,,,2026-02-02 07:28:03.449438+00,169,0,/m/naked_nations_tribe_hong_kong,tmdb/1402221,4.75,10,0,0,100,2
7.1711,Scarlet,2025,112,1406657,10,637,80,https://image.tmdb.org/t/p/w500/2O2tOyS4kvO9GtFPHpWmbXvfRQv.jpg,https://image.tmdb.org/t/p/w1280/1veW9CaejBZDHmWVmcgfYAUvirT.jpg,tt35114460,2026-02-18 15:23:47.178654+00,242,100,/m/scarlet_2025,tmdb/1406657,3,7129,60,6,73,67
0.2564,A Man's Dark Finger,1959,74,1409819,9.5,10,62,https://image.tmdb.org/t/p/w500/93zxcifGLEwFGAAUKhmCnbbnZXA.jpg,https://image.tmdb.org/t/p/w1280/8Yl3FiwIkfvzZ2EDt9IEAjhr3hq.jpg,tt6612572,2026-01-16 11:52:01.778288+00,154,1000,,tmdb/1409819,4.75,10,0,0,91,44
7.1435,Melania,2026,104,1413097,1,58268,98,https://image.tmdb.org/t/p/w500/ba6Silct0Y4pyvrSv0Tj0Urmx9f.jpg,https://image.tmdb.org/t/p/w1280/3R5SXP6AWMclxhrWChOqWPl3W9d.jpg,tt35291758,2026-01-31 16:29:13.35286+00,229,10,/m/melania,tmdb/1413097,1.1,16104,30,75,11,53
1.1521,Escobank,2025,97,1426083,6.2,1728,95,https://image.tmdb.org/t/p/w500/5G0pPDxAKWgQy24NHBGl8LYPxIH.jpg,https://image.tmdb.org/t/p/w1280/cDiEVwx3VWNRny0ctFVVmCuCFSo.jpg,tt22202450,2026-01-16 11:52:01.778288+00,158,10,/m/escobank,tmdb/1426083,4.75,10,42,6,95,0
0.0214,Dress to Impress,,0,1440237,,,,,,,2026-02-18 15:23:47.178654+00,229,,,tmdb/1440237,,,0,0,,
18.815,EPiC: Elvis Presley in Concert,2026,98,1445363,10,189,,https://image.tmdb.org/t/p/w500/nor2u3bC7xn2L4PhAMi7RRg04n9.jpg,https://image.tmdb.org/t/p/w1280/1dj8V6B8ptIHah7YZXHl3PEKO4h.jpg,tt35003538,2026-02-18 15:23:47.178654+00,242,,/m/epic_elvis_presley_in_concert,tmdb/1445363,3.6,480,85,2,92,25
32.9428,Wildcat,2025,99,1448560,4,1717,28,https://image.tmdb.org/t/p/w500/h893ImjM6Fsv5DFhKJdlZFZIJno.jpg,https://image.tmdb.org/t/p/w1280/pAyImoslSnpMgjRwhaS5ZEdl8UI.jpg,tt36153493,2026-01-16 11:52:01.778288+00,229,50,/m/wildcat_2025,tmdb/1448560,2.4,1034,63,116,57,14
0.2744,Jungle Beat 2: The Past,2025,91,1453180,2,46,95,https://image.tmdb.org/t/p/w500/AfgdmE64GuHN1ujxKuTDanKja0o.jpg,https://image.tmdb.org/t/p/w1280/oclsYhKuR6VmwK8eNS2pze1oxe3.jpg,tt21068758,2026-01-20 17:15:21.870958+00,242,0,/m/jungle_beat_2_the_past,tmdb/1453180,4.75,10,0,0,95,0
0.0261,No Suprises,,0,1461484,9.5,10,95,,,,2026-01-16 11:52:01.778288+00,144,250,,tmdb/1461484,4.75,10,0,0,95,4
0.0387,Whale the Moon,2025,9,1480559,9.5,10,95,https://image.tmdb.org/t/p/w500/cFTRutsuFofjdrOPSfN4XHcDUKp.jpg,https://image.tmdb.org/t/p/w1280/tWmFez8MnxVHvljYo5PEG2cuAG1.jpg,,2026-01-20 17:15:21.870958+00,228,10,,tmdb/1480559,4.75,10,0,0,95,10
0.0757,אורנה ואלה,2025,56,1489615,7,16,95,https://image.tmdb.org/t/p/w500/tCQAMjEqqM1pY1bYcGXrPJUmCYq.jpg,,tt36907590,2026-01-16 11:52:01.778288+00,220,10,,tmdb/1489615,4.75,10,0,0,95,50
3.4392,Tom and Jerry: Forbidden Compass,2025,104,1497970,1,349,95,https://image.tmdb.org/t/p/w500/5qttWFjsO62k88civZaDMHiBTvy.jpg,https://image.tmdb.org/t/p/w1280/wmTBmCLPZSX5eAVAiBf8td8Hb9g.jpg,tt37185884,2026-01-16 11:52:01.778288+00,229,0,/m/tom_and_jerry_forbidden_compass,tmdb/1497970,2.3,1069,43,6,95,1
0.1061,Madly,2025,0,1500272,,,,https://image.tmdb.org/t/p/w500/3rvB1kxXiquHatOU0qN4Y5qxjS0.jpg,,,2026-02-10 20:06:33.501521+00,229,,/m/madly_2025,tmdb/1500272,,,70,1,80,10
0.2291,Oxygen,2025,93,1508379,10,34,74,https://image.tmdb.org/t/p/w500/k4Ehucxk2XEU98W92HVPPl4xM3M.jpg,https://image.tmdb.org/t/p/w1280/9n8kg8CsbntnIVmFRth3Sd2Yaf7.jpg,tt37496619,2026-01-16 11:52:01.778288+00,220,500,,tmdb/1508379,4.75,10,0,0,90,106
1.3642,As If You Were Never Here,2025,93,1508797,10,50,74,https://image.tmdb.org/t/p/w500/eenwqx2HHTOUnc9rl3sVgToTqL.jpg,https://image.tmdb.org/t/p/w1280/rzq0n1RdKRCunPgFYcxMVxw5USn.jpg,tt37497112,2026-01-16 11:52:01.778288+00,224,50,/m/wish_you_were_here_2025,tmdb/1508797,4.75,10,0,0,33,24
1.0496,Bella,2025,75,1509930,8,16,95,,https://image.tmdb.org/t/p/w1280/yKy43nb02I0Gq4vgMLXAaaxCCP9.jpg,tt37185549,2026-01-16 11:52:01.778288+00,153,10,,tmdb/1509930,4.75,10,0,0,95,10
0.1508,A Burning Man,2025,0,1518185,,,,https://image.tmdb.org/t/p/w500/A08Aoom7VGQ9gw0Ob8XLWTQJx24.jpg,https://image.tmdb.org/t/p/w1280/uxOKRFyixqGRRoS8E8F3NbfNdfx.jpg,,2026-02-10 20:06:33.501521+00,229,,,tmdb/1518185,,,90,1,,
0.1889,Book of Ruth,2025,88,1519636,8,6,,https://image.tmdb.org/t/p/w500/sPRcUPz1ooHIAueBNQdRcL9sv3s.jpg,https://image.tmdb.org/t/p/w1280/2J2B7JdCupokT2RGph51fUnVfB5.jpg,tt37538317,2026-02-04 10:37:03.53861+00,228,,,tmdb/1519636,,,0,0,,
99999999,The Soundman,2025,118,1529023,10,207,95,https://image.tmdb.org/t/p/w500/vmP2KA9XqyhIxiCZ4IgdpsZBg35.jpg,https://image.tmdb.org/t/p/w1280/xcCs638M7OBMPxrdJEf1WyI2EI9.jpg,tt22872358,2026-01-20 17:15:21.870958+00,242,0,/m/the_soundman,tmdb/1529023,3.5,896,72,4,95,0
0.0869,Hola!... Ciao,2025,0,1544655,8.4,6,,https://image.tmdb.org/t/p/w500/nQePynSrqGT5a3BnRu5BiJVzRo4.jpg,,tt37538091,2026-02-18 15:23:47.178654+00,229,,,tmdb/1544655,,,0,0,,
0.0143,RUTH,2025,6,1558220,,,70,https://image.tmdb.org/t/p/w500/sdzYDWM4H06a6Mz306f45Xz3XS2.jpg,https://image.tmdb.org/t/p/w1280/oufedzf695PCN93vAX40pROyf5w.jpg,,2026-02-04 10:37:03.53861+00,229,50,/m/ruth_and_boaz,tmdb/1558220,,,0,0,,7
0.2415,Etty part 1,2025,148,1580543,10,18,56,https://image.tmdb.org/t/p/w500/ef0hLjx8FkqesySRwU6xBYVNNwF.jpg,https://image.tmdb.org/t/p/w1280/54TxItas2SZRnbi5uhkVtSMXQU.jpg,tt27237072,2026-01-16 11:52:01.778288+00,228,10000,,tmdb/1580543,4.75,10,0,0,22,185
0.2924,Etty part 2,2025,180,1580547,9.5,10,95,https://image.tmdb.org/t/p/w500/1ZVZDfmGb5SnO0OzLayJ9N3i0p2.jpg,https://image.tmdb.org/t/p/w1280/whlxv3GAahFMiHzBSoDZ0Nxs2h0.jpg,,2026-01-16 11:52:01.778288+00,228,5000,,tmdb/1580547,4.75,10,0,0,92,466
1.2396,The Lost Chapter: Yuki's Revenge,2025,10,1588237,10,1380,95,https://image.tmdb.org/t/p/w500/m1F7JymM4RXPiFSR0G8H2VIwGbw.jpg,https://image.tmdb.org/t/p/w1280/9KZ0c6sPo8ssTvco409XR8PtYgm.jpg,tt39075285,2026-02-10 20:06:33.501521+00,228,,/m/the_lost_bus,tmdb/1588237,2.6,24907,59,34,88,138
8.703,Stray Kids: The dominATE Experience,2026,146,1600421,10,1257,100,https://image.tmdb.org/t/p/w500/f1MvTJ25dq924ww9UOnLkj3qqs8.jpg,https://image.tmdb.org/t/p/w1280/sEcWQzk7uTBNMrWnMGD6hfDmrEo.jpg,tt39216314,2026-01-16 11:52:01.778288+00,228,10,/m/stray_kids_the_dominate_experience,tmdb/1600421,4.3,12630,84,6,95,6
0.6571,Housemaid,2026,89,1611977,6.1,17,92,https://image.tmdb.org/t/p/w500/jcBMypi61mh41HjYSNUMNxnt3gi.jpg,https://image.tmdb.org/t/p/w1280/aeq0CZZUV1pUr0jyah9YkNmVsLj.jpg,tt39319989,2026-02-18 14:30:00.230817+00,228,,/m/the_housemaid_2025,tmdb/1611977,,,10,1,74,197
1.2303,Twenty One Pilots: More Than We Ever Imagined,2026,119,1612063,,,,https://image.tmdb.org/t/p/w500/5JvxjrXPTmwdY8VtFzHzQ23B8ba.jpg,https://image.tmdb.org/t/p/w1280/6TKSzOd1izqFbJ0mTQTc8FaA9m7.jpg,tt39315536,2026-02-18 15:23:47.178654+00,229,,/m/twenty_one_pilots_more_than_we_ever_imagined,tmdb/1612063,,,0,0,,0