imdb_id,english_title,hebrew_title,release_date,en_poster,backdrop,tmdb_id,old_uuid,id,created_at,run_id,release_year,en_trailer
tt28291010,"13 Days, 13 Nights: In the Hell of Kabul",הבריחה מקאבול,2026-04-16,https://image.tmdb.org/t/p/w500/orcdyqJZhbr731iN7yq7TK5zluc.jpg,https://image.tmdb.org/t/p/w500/1zlHZDtV5KsX5VcBahNy5GDqUVt.jpg,1254135,9287718a-346d-4ad5-bf32-78fd817414f5,0224bb5b-4158-4e74-abed-1aad2a5bd974,2026-01-16 11:25:46.539229+00,144,,shW9i6k8cB0
tt26452616,Giant,ענק,2026-03-05,https://image.tmdb.org/t/p/w500/jInqH9ry89ZCSFjykXvW0fQWe6m.jpg,https://image.tmdb.org/t/p/w500/pWGggSMdp5Nbgq8PQrxkpdn6pNS.jpg,1078581,5892c61a-79e6-408a-8c3b-4a48abbdbb9c,038ff2ad-0e94-4136-bba6-0b0d70be047e,2026-01-16 11:25:46.539229+00,144,,shW9i6k8cB0
tt21861446,Valley of Shadows,טרום בכורה - בחזרה מההימלאיה,2026-04-19,https://image.tmdb.org/t/p/w500/fxmHrv2dCSoULvkT3jfStNKJeOw.jpg,https://image.tmdb.org/t/p/w500/trru8Agn7wdLNzzL05L8ZzO9Mmt.jpg,1145857,794fbe1d-ee84-445c-8813-7cb74958fb88,04d2a5bc-999b-4d1e-8640-d0a64b2a3435,2026-01-16 11:25:46.539229+00,144,,shW9i6k8cB0
tt33978029,Ready or Not 2: Here I Come,"מי שעומד מאחורי 2,1…",2026-03-26,https://image.tmdb.org/t/p/w500/13ZcJzSGEqVgDSqsS9U5EkQwPkV.jpg,https://image.tmdb.org/t/p/w500/sJAzq4IvgohP9nVzijCH6lovX3e.jpg,1266127,04403989-9c51-4b80-b80f-a42e327e230d,092aeed0-a0e8-4714-9ea8-4c0e857db96e,2026-01-16 11:25:46.539229+00,144,,shW9i6k8cB0
,Cuz You're Ugly,כי את מכוערת,2026-03-12,https://image.tmdb.org/t/p/w500/kZCCnmW06NxfwdEO2AAzqFynXUY.jpg,https://image.tmdb.org/t/p/w500/rS7SwUMiKiaobAHpuwpeg8F6s06.jpg,1177748,894a59a3-7091-4837-9e6d-08f763bc40dc,118f1bec-3079-42ca-9986-697cfc37ad70,2026-02-04 09:57:11.996231+00,219,,shW9i6k8cB0
tt27419420,Street Fighter,סטריט פייטר,2026-10-15,https://image.tmdb.org/t/p/w500/kFsjvIZBt6uJ4dVNCsdTVooBx4k.jpg,https://image.tmdb.org/t/p/w500/k0cEoowzTwxYCTRI7gV6nqPF1ds.jpg,1153576,0e2fac8e-96ff-4880-ae4e-627922c4e267,1709d5bf-1b15-4478-9528-a4962c00321d,2026-01-16 11:25:46.539229+00,144,,shW9i6k8cB0
tt33764258,The Odyssey,האודיסאה,2026-07-16,https://image.tmdb.org/t/p/w500/pe5cCoX5iIb5IWKPsbPkCwjLFHt.jpg,https://image.tmdb.org/t/p/w500/min3RDzQEykmPRF7ICyeNfwuvsc.jpg,1368337,76b7f4d9-43dd-464d-8cfa-fa04ccf8a0fc,180ec229-a6de-4a4d-b8a3-2ba4d9d1a6f3,2026-01-16 11:25:46.539229+00,144,,shW9i6k8cB0
tt32558705,The Hunger Games: Sunrise on the Reaping,משחקי הרעב: זריחה על האסיף,2026-11-19,https://image.tmdb.org/t/p/w500/kONfwpf0AZzvL1zqjZV9C89g1PY.jpg,https://image.tmdb.org/t/p/w500/kYiBCmE9xX447kkwSdUEyyCxqBL.jpg,1300968,a490cdb6-892f-4958-9922-15dc6cb9176e,1a3dd60c-0ced-4814-ba76-459ffd1a4f1e,2026-02-04 09:57:11.996231+00,219,,shW9i6k8cB0
tt0077631,Grease,גריז,2026-06-11,https://image.tmdb.org/t/p/w500/2rM7fQKpb7cs1Iq7IBqub9LFDzJ.jpg,https://image.tmdb.org/t/p/w500/mGPc6OBx75S1MuMjgx0pQHIyt8e.jpg,621,405e7ea0-4db7-491d-96ad-684b1e52d5c8,1cf044fd-9ade-452b-abae-90281aba21a1,2026-01-16 11:25:46.539229+00,144,,shW9i6k8cB0
,No Signal,איך שגעתי ת'שודדים,2026-02-26,,,1597559,1ba50f91-b58b-4c8b-8e11-d51177a7ebc7,278fcfbd-22e8-441c-9547-d1caadc87833,2026-01-20 17:07:19.74168+00,153,,shW9i6k8cB0
tt15047880,Disclosure Day,התגלית,2026-06-11,https://image.tmdb.org/t/p/w500/AnJ8IQJI23hNpYXVNaythu061Ru.jpg,https://image.tmdb.org/t/p/w500/5p6BsJtnPbglYN15MuiUEppPl0f.jpg,1275779,b002cb0c-528c-47cc-8f8f-e1fee7a6f0cc,312c92ec-5a1d-4e7b-8d6a-a5fab4b2c72e,2026-02-18 13:59:34.930009+00,228,,shW9i6k8cB0
tt0983193,The Adventures of Tintin,הרפתקאות טינטין מדובב לערבית - مغامرات تان تان,2026-04-09,https://image.tmdb.org/t/p/w500/fQZ3sLR1Fi63NMsNRbjm9q5qODJ.jpg,https://image.tmdb.org/t/p/w500/6mqgl2szMLRYj4lhlXOjju5Tpeo.jpg,17578,44083270-ed05-41e8-8fca-6cedba5f393e,33328c7a-2626-4ccb-bcb8-e6df59020208,2026-02-18 13:59:34.930009+00,227,,shW9i6k8cB0
tt32612507,Lee Cronin's The Mummy,מומיה,2026-04-16,https://image.tmdb.org/t/p/w500/r6EvyNwGgq4AyRLHagODa0AR6HA.jpg,https://image.tmdb.org/t/p/w500/7ZxvGorL1SPi1pNWAYzITJ9eSLV.jpg,1304313,f3029d6f-05d6-4451-a94f-0571b02242ba,384d35e1-599d-4010-aea0-d6fe8ff31749,2026-01-28 14:14:14.285878+00,156,,shW9i6k8cB0
tt27419466,Moana,מואנה - לייב אקשן,2026-07-09,https://image.tmdb.org/t/p/w500/8Kpmnbbb8Rp1wG99thlcZ9JAUqo.jpg,https://image.tmdb.org/t/p/w500/ogv0eTxwCVcrfKYsl2GKH4hNHJL.jpg,1108427,f045665f-6ace-4e29-9eec-c91ea3b81e2f,3990481b-1903-413a-98be-0da0d23f3270,2026-01-28 14:14:14.285878+00,156,,shW9i6k8cB0
tt31193180,Sinners,חוטאים,2026-03-12,https://image.tmdb.org/t/p/w500/qTvFWCGeGXgBRaINLY1zqgTPSpn.jpg,https://image.tmdb.org/t/p/w500/nAxGnGHOsfzufThz20zgmRwKur3.jpg,1233413,325c2701-c12f-4716-a056-0ec51244f6be,410ae7e3-a301-41a9-838b-2e2d444527e7,2026-02-03 16:31:12.954975+00,218,,shW9i6k8cB0
,Dress to Impress,dress to impress,2026-03-03,,,1440237,55ea293c-b0f9-4d18-974e-a5f9c0d49fb5,44b89e9d-94d1-434f-86e4-d7afd177a609,2026-01-28 14:14:14.285878+00,156,,shW9i6k8cB0
tt14813764,Fleak,עולם המשאלות,2026-02-26,https://image.tmdb.org/t/p/w500/xfTB0HLxD1mwoFTHWhQrxJI1Q5n.jpg,https://image.tmdb.org/t/p/w500/hyQPfCbALQmi0FQc2vLFyfENpHM.jpg,680770,d713577a-0eb2-4002-a2e9-00deb406e1c0,45de2c27-3beb-4f73-9238-224049679aad,2026-02-04 09:57:11.996231+00,219,,shW9i6k8cB0
tt39315536,Twenty One Pilots: More Than We Ever Imagined,twenty one pilots: more than we ever ima,2026-02-26,https://image.tmdb.org/t/p/w500/4awhWx8MOS6bQhzbicXRFdyFDIG.jpg,https://image.tmdb.org/t/p/w500/2w9v0YZSqPJyuych0Wgq1D8Q2Jg.jpg,1612063,4f81415b-5dc7-4a8b-8274-83fc5e1181cb,494e2733-f321-4c23-8025-7bd69a97813e,2026-01-16 11:25:46.539229+00,144,,shW9i6k8cB0
tt20218618,June and John,ג'ון וג'ון,2026-04-02,https://image.tmdb.org/t/p/w500/xRa3VBDf9RRz26SYtCTgOu9lQK2.jpg,https://image.tmdb.org/t/p/w500/oXWTWJ1KHwE6BWFdiGcBcfvfypE.jpg,1216571,8fa05fd8-46eb-4c42-8a55-9a195d76dfb5,4daf59cc-1fee-4c0e-949c-9e6d512c256f,2026-01-16 11:25:46.539229+00,144,,shW9i6k8cB0
tt0110912,Pulp Fiction,ספרות זולה,2026-03-02,https://image.tmdb.org/t/p/w500/vQWk5YBFWF4bZaofAbv0tShwBvQ.jpg,https://image.tmdb.org/t/p/w500/96hiUXEuYsu4tcnvlaY8tEMFM0m.jpg,680,be5f251d-3c2c-4c6d-a686-2756b6d92bf1,4ff87edc-d16f-4d06-81f2-8d50c781cd69,2026-02-18 13:59:34.930009+00,227,,shW9i6k8cB0
tt2386490,How to Train Your Dragon: The Hidden World,הדרקון הראשון שלי: העולם הנסתר מדובב לערבית - تنيني الأول: العالم الخفي,2026-03-05,https://image.tmdb.org/t/p/w500/xvx4Yhf0DVH8G4LzNISpMfFBDy2.jpg,https://image.tmdb.org/t/p/w500/h3KN24PrOheHVYs9ypuOIdFBEpX.jpg,166428,5e9714d8-038b-4112-9cc5-4980f52bbe38,526e2597-8f91-4fc4-b2a7-f7286d98ad7e,2026-01-20 17:07:19.74168+00,153,,shW9i6k8cB0
tt31066723,Two Women,בגידות קטנות,2026-03-05,https://image.tmdb.org/t/p/w500/4TCAsaSIUTLNRfzGIYsmiyBW3E9.jpg,https://image.tmdb.org/t/p/w500/kgz5mxoIMIx9DORgo23q5SMHmsw.jpg,1073588,2802beab-0434-4ba4-8eb9-11857139f7b5,53adfa69-b5f6-4c2b-bbff-5cb641c87d43,2026-02-18 13:59:34.930009+00,228,,shW9i6k8cB0
tt33612209,The Devil Wears Prada 2,השטן לובשת פראדה 2,2026-04-30,https://image.tmdb.org/t/p/w500/DCeVQf830rhxqrDgz3qvk7U7s6.jpg,https://image.tmdb.org/t/p/w500/2cr7imTLVSSrzgL3bFKAMCMdgKw.jpg,1314481,10642e1e-6d22-443b-b153-e4f546217e8a,578161d3-a43d-43b7-8375-f631d70a5bf9,2026-01-16 11:25:46.539229+00,144,,shW9i6k8cB0
tt32890033,Minions & Monsters,מיניונים ומפלצות,2026-07-02,https://image.tmdb.org/t/p/w500/prDTGLRRxp1T1f3910mRjBxWdeS.jpg,https://image.tmdb.org/t/p/w500/nzqjA60XpGUA0fJqjzSIFg4dkS.jpg,1315772,36230213-d846-459a-9af8-224de301dec3,58ae1102-e51d-4333-8862-c2a9e475b1d1,2026-02-18 13:59:34.930009+00,227,,shW9i6k8cB0
tt33071426,The Drama,הדרמה,2026-04-02,https://image.tmdb.org/t/p/w500/rnIOUhzwJDfgQakx8EjoNyItKgs.jpg,https://image.tmdb.org/t/p/w500/ghY17WXsnD36m8Xo98O0ZL52FsT.jpg,1325734,b8aeab29-eb62-422b-99e3-0aa8de2576d7,594ebbd2-4a6b-4ebd-80e0-28708513794e,2026-02-18 13:59:34.930009+00,227,,shW9i6k8cB0
tt33586629,Primavera,פרימוורה,2026-06-04,https://image.tmdb.org/t/p/w500/6Giqb3a9ITCKhlkNeWtfzGWOxU0.jpg,https://image.tmdb.org/t/p/w500/tjRhxRyaF7LgGnNP2lrAIo3cQSb.jpg,1365683,46d1e8c1-06bf-42fa-a92f-0c76434d6f58,5c60849f-0b9f-4dda-88f6-e50a122c9401,2026-02-03 16:31:12.954975+00,218,,shW9i6k8cB0
tt31851518,The Choral,המקהלה,2026-04-09,https://image.tmdb.org/t/p/w500/yQtms7CSM0CE0W6dYbLLAATb5rL.jpg,https://image.tmdb.org/t/p/w500/4zyeIE8ceP95gehaPsgqamEYRuy.jpg,1262815,db1c84ce-5c95-4e91-ac79-7124a70e735c,63cd7773-ae0f-4f78-a12a-1a75bb03a2cc,2026-02-03 16:31:12.954975+00,218,,shW9i6k8cB0
tt32565993,The Sheep Detectives,בלשי צמרת,2026-05-07,https://image.tmdb.org/t/p/w500/6QtL9rl3Zb4d8qW6EJ4qO5hSSfU.jpg,https://image.tmdb.org/t/p/w500/wbgxx8xa2ogbMuN4lNvJ9tqqpMp.jpg,1301421,c8e76e04-eb33-4e4a-a086-7c511b437e18,6848367d-5a2a-4ba8-b520-e35ac32b6da8,2026-02-04 09:57:11.996231+00,219,,shW9i6k8cB0
tt15678738,David,דויד הסרט,2026-02-26,https://image.tmdb.org/t/p/w500/7lFG1WrCwAxBfyGK8ahlBVzXno7.jpg,https://image.tmdb.org/t/p/w500/d10VuEOMroY7ngQi2FUhJH72k0e.jpg,1167307,dc436da9-bde0-4af6-97b7-b57524d5a011,6c145cad-1ad8-496e-82ca-f76d699d00fe,2026-01-16 11:25:46.539229+00,144,,shW9i6k8cB0
tt34886821,La Grazia,החסד,2026-03-05,https://image.tmdb.org/t/p/w500/d86ctnc1Kl9xZHJ1xBPcwTKmaGa.jpg,https://image.tmdb.org/t/p/w500/rSG0XYZYyImip9cl0SybFMBC4Vd.jpg,1397364,405f9ca1-a7af-4376-8598-9b88a7db59c2,6ce99b8d-7852-466f-bdf5-a096bc0f31cf,2026-01-16 11:25:46.539229+00,144,,shW9i6k8cB0
tt5450640,Five Seconds Before Disaster,חמש שניות,2026-03-12,https://image.tmdb.org/t/p/w500/vZcbaURdRI1VY1Z0VoZysWGXBH3.jpg,,1442160,2f7a2383-c867-43bb-a934-9fd88c8350ef,6ee17e7f-98fd-4584-8a3a-104304ac5e8b,2026-02-18 13:59:34.930009+00,227,,shW9i6k8cB0
tt4357198,How to Make a Killing,עשיר רצח,2026-03-12,https://image.tmdb.org/t/p/w500/yQ7OP2HYxl9YmkWNMkuUA2YaF5.jpg,https://image.tmdb.org/t/p/w500/vuaPZ4IbsIRr2wDARZT7rFQ5CgP.jpg,467905,c45ec9b7-6c2e-4c10-9a2c-9e570046b900,7534c0b4-3bd6-43de-b03a-558537fb1a40,2026-01-16 11:25:46.539229+00,144,,shW9i6k8cB0
tt31411349,Colours of Time,צבעי הזמן,2026-04-02,https://image.tmdb.org/t/p/w500/vaZBgB1Z3dkdu0LuvId0VoEHCBA.jpg,https://image.tmdb.org/t/p/w500/lUUQXoOyR6BQD9HatKz63wec2QT.jpg,1235304,6bc6b51d-3723-4e96-af48-ed9e738bcd19,76a83448-33ac-40c5-97f8-fe33bcffb79a,2026-02-03 16:31:12.954975+00,218,,shW9i6k8cB0
tt36352591,"You, Me & Tuscany","אני, אתה וטוסקנה",2026-04-09,https://image.tmdb.org/t/p/w500/mJS0IF7Af3WpPRhSTDT6rGpiLzw.jpg,https://image.tmdb.org/t/p/w500/wibJMOz0iVS4Goa4sXsfLYjrDFr.jpg,1455079,e7c3b427-8baa-494a-ba30-ba5a8174a8c5,775d5052-2214-49b7-9cd4-234a13da9e24,2026-01-28 14:14:14.285878+00,156,,shW9i6k8cB0
tt27773954,The Thing with Feathers,הדבר עם הנוצות,2026-03-26,https://image.tmdb.org/t/p/w500/j3kM0tMW7EQaOrit0JW9NvoPPrp.jpg,https://image.tmdb.org/t/p/w500/A7yTpiCFMWMZVf5kPXuga3WvfCH.jpg,1127628,c9542928-471d-4ef1-94c2-fb2f4a1097b1,7ae95fcd-cf09-470c-a098-75b105932b39,2026-02-03 16:31:12.954975+00,218,,shW9i6k8cB0
tt3783958,La La Land,לה לה לנד,2026-04-16,https://image.tmdb.org/t/p/w500/uDO8zWDhfWwoFdKS4fzkUJt0Rf0.jpg,https://image.tmdb.org/t/p/w500/nlPCdZlHtRNcF6C9hzUH4ebmV1w.jpg,313369,16a93f5d-2f9e-482e-aa66-3205dde3a6a9,7e3406cb-4280-49c1-9c0d-16b22d0c8b9f,2026-02-10 19:46:38.973754+00,220,,shW9i6k8cB0
tt39018643,Billie Eilish - Hit Me Hard and Soft: The Tour (Live in 3D),בילי אייליש סיבוב ההופעות hit me hard 3d,2026-03-19,https://image.tmdb.org/t/p/w500/bLt8nyHylaewbLZtCl7C0UpaRU4.jpg,https://image.tmdb.org/t/p/w500/jjgwF5wuCyOlnlJKOJfyYfFeZcE.jpg,1515899,8a8e9c96-6fd6-42bc-a736-4c41d53d2aaf,82b5738d-fad7-47ab-a029-c66b8f75f5e7,2026-01-16 11:25:46.539229+00,144,,shW9i6k8cB0
tt37798634,Whistle,השריקה,2026-03-12,https://image.tmdb.org/t/p/w500/jovDlv8PovRC42gDzKcYSEpgcJz.jpg,,1526225,a7447a60-a3e4-44d2-975a-e52886afc55b,84cb0620-9caa-4ed1-bcc6-9eb2ceeccfa0,2026-02-10 19:46:38.973754+00,220,,shW9i6k8cB0
tt26656750,Mariana's Room,חדרה של מריאנה,2026-04-16,https://image.tmdb.org/t/p/w500/rvdeYHZxJZvTqYOvzYxETPuokpY.jpg,https://image.tmdb.org/t/p/w500/kijIGFRnm7noVyQhn1fELe6ng7p.jpg,1000828,2e3ec5b6-a1e3-4f7c-a983-35de112dfac7,8fa93bc2-ff56-4a96-b05f-06c213f080be,2026-01-28 14:14:14.285878+00,156,,shW9i6k8cB0
tt2321555,The Cat in the Hat,חתול תעלול: הסרט,2026-11-05,https://image.tmdb.org/t/p/w500/tYH4rQZlHtuFSeDS0bsV17khvJC.jpg,https://image.tmdb.org/t/p/w500/pFLeuwKNJLC9ETW17uBaUwTWxWl.jpg,1117898,819a6662-2123-4749-af17-8bfdc4b46a67,90befed8-c890-4382-bc55-1d937a601022,2026-01-16 11:25:46.539229+00,144,,shW9i6k8cB0
tt30826955,Stand Your Ground,השורד אחרון 2,2026-02-26,https://image.tmdb.org/t/p/w500/u4GW1qTNjooEFSXDBVDMmYb52qC.jpg,https://image.tmdb.org/t/p/w500/wE1TZtB5G1fdiln3PPnnLhExuCz.jpg,1296504,b3bc6b1c-ed34-40c6-a084-f5acfcd74024,9418a977-4bf9-4d8d-a0d3-cf3b221a407a,2026-02-18 13:59:34.930009+00,227,,shW9i6k8cB0
tt32766835,Three Men for Vilma,"שלג, גברים וצרות אחרות",2026-04-02,https://image.tmdb.org/t/p/w500/m0AuWkI0mJzkF0beoysJkntBNse.jpg,https://image.tmdb.org/t/p/w500/eNdkax16z4qrBer1jFThb6qh2YU.jpg,1340922,db17f4fa-8302-46da-9a9f-0a00ef6c4433,96fa16d7-e57f-46e7-b92e-80d71c925b91,2026-01-16 11:25:46.539229+00,144,,shW9i6k8cB0
tt0250687,Rat Race,מיליונר מי שגומר ראשון,2026-03-05,https://image.tmdb.org/t/p/w500/3dpim9bLdi5uh55idJ6HxA7eZH4.jpg,https://image.tmdb.org/t/p/w500/vian6RN3bC4QdBQzY1wTmBkhxVQ.jpg,9896,3a74c212-277f-4dac-bbfa-31c569697216,9f69ad4d-05fb-4ddc-a5b2-ffb5ccf84db1,2026-02-18 13:59:34.930009+00,227,,shW9i6k8cB0
tt17490712,Mortal Kombat II,מורטל קומבט 2,2026-05-07,https://image.tmdb.org/t/p/w500/lGamD2f6xEZJSoXlntAd5wvQnWZ.jpg,https://image.tmdb.org/t/p/w500/tAeiebNAyYC23FjUEkgyUm9SnEo.jpg,931285,5dd2ffde-9777-43b1-b8a2-9a8e8eaeee63,a02c092b-0285-4526-9eef-6b56bb37fbad,2026-02-10 19:46:38.973754+00,220,,shW9i6k8cB0
tt27047903,Scream 7,צעקה 7,2026-02-25,https://image.tmdb.org/t/p/w500/jjyuk0edLiW8vOSnlfwWCCLpbh5.jpg,https://image.tmdb.org/t/p/w500/yWCZc2TcsCYbMMjvUIsczmQi2TX.jpg,1159559,a8b0af78-ada0-47f7-b838-4ea6284b17f2,a057c60a-6a69-42eb-9696-86d29af840f3,2026-02-18 13:59:34.930009+00,227,,shW9i6k8cB0
tt2088893,Shell,שקר היופי,2026-04-02,https://image.tmdb.org/t/p/w500/ccAlGG65s2Q5J0Roy6T2rmBQqhi.jpg,https://image.tmdb.org/t/p/w500/r6ywEjkxI7020Qmf3PF499Arku5.jpg,135990,f9ee7390-5aba-4fac-94f9-f1a06d39ce0e,a47b1685-5e31-4abc-bc71-be3faa8cdb8b,2026-01-16 11:25:46.539229+00,144,,shW9i6k8cB0
tt3331548,Not Without Hope,הישרדות ללא תקווה,2026-04-02,https://image.tmdb.org/t/p/w500/evnbvmkoon2YTjlAodCwSmfU8Od.jpg,https://image.tmdb.org/t/p/w500/rJ7PB78ZcBaCPxQRLrZxh4M2Z0N.jpg,339849,c063da22-01a2-4265-9e0c-29753506f4f6,a6049aab-c54d-4724-9673-9652dae97814,2026-02-10 19:46:38.973754+00,220,,shW9i6k8cB0
tt0325980,Pirates of the Caribbean: The Curse of the Black Pearl,שודדי הקאריביים: קללת הפנינה השחורה - כתוביות בערבית قراصنة الكاريبي: لعنة القراصنة السود,2026-04-23,https://image.tmdb.org/t/p/w500/poHwCZeWzJCShH7tOjg8RIoyjcw.jpg,https://image.tmdb.org/t/p/w500/uRNgkJSkNBFbbn9fPsEjDIy8Sh3.jpg,22,3063230f-c037-4a15-91d8-5bb5129c0f38,ac3d63d9-d316-443d-8eb0-0db245fa2f44,2026-02-18 13:59:34.930009+00,227,,shW9i6k8cB0
tt0427340,Masters of the Universe,שליטי היקום,2026-06-04,https://image.tmdb.org/t/p/w500/nm2ianYVp7OXElUZVeeAbNTqBLr.jpg,https://image.tmdb.org/t/p/w500/bLYjQ6KNrJzh6AAEfOAl6vPI2xh.jpg,454639,39cb16fb-c9fc-4f45-832d-f272b1b257e7,b1b4214a-3651-4684-b0cc-003abdede30c,2026-02-04 09:57:11.996231+00,219,,shW9i6k8cB0
tt33323667,Cycle of Time,טרום בכורה - מחר יהיה טוב,2026-05-18,https://image.tmdb.org/t/p/w500/63QJSYPjR3i3mwr4PmpvwfyLgDo.jpg,https://image.tmdb.org/t/p/w500/aiFlb34qp4cpVke96eaDAdIedMO.jpg,1284496,ca5095e8-9777-4599-af25-d2928e31125d,b20fb720-24af-4eec-b82c-31f2fc853954,2026-02-18 13:59:34.930009+00,227,,shW9i6k8cB0
tt0060196,"The Good, the Bad and the Ugly","הטוב, הרע והמכוער",2026-02-26,https://image.tmdb.org/t/p/w500/bX2xnavhMYjWDoZp1VM6VnU1xwe.jpg,https://image.tmdb.org/t/p/w500/Adrip2Jqzw56KeuV2nAxucKMNXA.jpg,429,ee9d5ae9-81a5-4fb9-9ea4-bde516be77a3,b2a92088-9cdf-4b83-9b02-450668ca3bf8,2026-01-16 11:25:46.539229+00,144,,shW9i6k8cB0
tt22872358,The Soundman,רדיו בריסל,2026-02-26,https://image.tmdb.org/t/p/w500/vmP2KA9XqyhIxiCZ4IgdpsZBg35.jpg,https://image.tmdb.org/t/p/w500/xcCs638M7OBMPxrdJEf1WyI2EI9.jpg,1529023,c35a74e5-435c-4c4e-a8d5-ab2be6aa1b58,b52dbd5a-40a0-4880-84de-75a9f67ec38d,2026-02-04 09:57:11.996231+00,219,,shW9i6k8cB0
tt12042730,Project Hail Mary,פרוייקט הייל מרי,2026-03-19,https://image.tmdb.org/t/p/w500/iOb2fjXLbpJgyQXe46n1WtGCnaa.jpg,https://image.tmdb.org/t/p/w500/o2xLxY1LdwBMsrGD9hjIaOrIQm6.jpg,687163,19a33377-6a44-4878-9b3b-cf4c91a555dc,b920a706-508f-491d-8aa0-1ff4aae690a7,2026-02-18 13:59:34.930009+00,228,,shW9i6k8cB0
tt21357150,Avengers: Doomsday,"הנוקמים: עלייתו של ד""ר דום",2026-12-17,https://image.tmdb.org/t/p/w500/8HkIe2i4ScpCkcX9SzZ9IPasqWV.jpg,https://image.tmdb.org/t/p/w500/3eOINbgRs8WiWfQfViXeuZ3enrs.jpg,1003596,382261ab-e944-4a0f-8df3-666270b669aa,c1151297-4908-4c4a-b92a-f9d47af0aa43,2026-01-16 11:25:46.539229+00,144,,shW9i6k8cB0
,Four Letters Apart – Children in the Age of ADHD,סינמה אישי גלית יאצפן - אומנות החיים בסטייל adhd,2026-05-20,,,261165,4b0d22b5-bed7-4902-84de-7dbdf8139c18,c12b3e97-6a89-46dc-aed4-f26dd7ccf42b,2026-02-18 13:59:34.930009+00,227,,shW9i6k8cB0
tt29550683,Whistle,השריקה,2026-03-12,https://image.tmdb.org/t/p/w500/ieOiiCBbf0SNwR39iiA2xnGOnab.jpg,https://image.tmdb.org/t/p/w500/n4Vd7XfTsTaO7Mmc68WiktyLXQo.jpg,1193501,d38ec87e-5065-4df7-9bfc-e3ef5f89f257,c6f87170-c134-42ea-8c6f-41c1975c215b,2026-02-03 16:31:12.954975+00,218,,shW9i6k8cB0
tt31514146,I Swear,מילה שלי,2026-05-21,https://image.tmdb.org/t/p/w500/lC4NgQPqyKxNJ3PEgl2HVUxTY1t.jpg,https://image.tmdb.org/t/p/w500/fe6kkxaxn0mCU2gl1vfU44IYWsy.jpg,1317149,dbd4e5b3-d8a9-4dd9-8414-fdf9b9605800,cc4dea6c-a461-4008-8b3c-69a61f060a2d,2026-02-03 16:31:12.954975+00,218,,shW9i6k8cB0
tt33498745,Shell,שקר היופי,2026-04-02,https://image.tmdb.org/t/p/w500/zjRNquWyWLnsn1DwGjZqJFUXdjb.jpg,,1365490,0ab04324-8679-437d-881e-291725c0a140,ccf8933a-0492-49b6-8a4b-ca1a9017b942,2026-01-28 14:14:14.285878+00,156,,shW9i6k8cB0
tt28083456,Is This Thing On?,זה עובד?,2026-02-26,https://image.tmdb.org/t/p/w500/45Nvc1QVa5FqSmZItpZ359GyaCE.jpg,https://image.tmdb.org/t/p/w500/91aHQ6HsccjLxP29WziHwACuofK.jpg,1140498,8cb39234-02a5-4deb-a568-ee41e6ec459e,e74fba7c-4a0d-497f-bcf9-1185530729a7,2026-01-20 17:07:19.74168+00,153,,shW9i6k8cB0
tt11378946,Michael,מייקל,2026-04-16,https://image.tmdb.org/t/p/w500/bWkTbFGLRU4Zuxcv7QfBsPGp0uQ.jpg,https://image.tmdb.org/t/p/w500/9k1ZEKl2RnlLRFt52Yo78yPAOPF.jpg,936075,dda6bdea-0210-4324-b5b5-6ccea1f6d9ce,e81a7da7-b2d1-455a-bde6-f5a4bf4f0ff1,2026-01-16 11:25:46.539229+00,144,,shW9i6k8cB0
tt29355505,Toy Story 5,צעצוע של סיפור 5,2026-06-18,https://image.tmdb.org/t/p/w500/kaLLZeFfRj42xE9rRg9nCMVtwHO.jpg,https://image.tmdb.org/t/p/w500/coyHrYHD2xHhDoYD6o4uwoJ2o7b.jpg,1084244,026b4611-cfa0-4bcf-ae40-76ce52819230,ed64be75-2f03-4726-8c85-23338a2e54fa,2026-02-18 13:59:34.930009+00,228,,shW9i6k8cB0
tt30851137,The Bride!,הכלה!,2026-03-04,https://image.tmdb.org/t/p/w500/vu1cbpWza1F0OSUTqVMlJYcNgC2.jpg,https://image.tmdb.org/t/p/w500/pMlCbasyAqBLV18CLEkDm07VKtn.jpg,1159831,412b91fe-214a-49a3-90ee-fb55b02cc643,ef2e8c6f-e604-4c05-8b59-3774069feb45,2026-02-18 13:59:34.930009+00,228,,shW9i6k8cB0
tt30825738,Star Wars: The Mandalorian and Grogu,מלחמת הכוכבים: המנדלוריאן וגרוגו,2026-05-21,https://image.tmdb.org/t/p/w500/4VzOI3yFHi2rukXptJmSVazh9vs.jpg,https://image.tmdb.org/t/p/w500/4lj7MZtcIDI2FmZXGkFWh0sNCsq.jpg,1228710,77810d5c-2916-430b-9497-cf08550e54be,f13221d8-6d8f-46b0-836d-f021647dc8ac,2026-01-16 11:25:46.539229+00,144,,shW9i6k8cB0
tt33714084,Reminders of Him,מזכרת ממנו,2026-03-05,https://image.tmdb.org/t/p/w500/oR80dLGjaQ9HVsfWUQeJ04uOSR.jpg,https://image.tmdb.org/t/p/w500/xFu5YfFvcyQHa8brWVo6XMug8EM.jpg,1367642,15940f20-5a25-44e2-8e90-117ca5a41cb3,f7349091-6d7d-4693-988c-5c569ca7f4ae,2026-01-16 11:25:46.539229+00,144,,shW9i6k8cB0
tt31728330,They Will Kill You,הם ירצחו אותך,2026-03-26,https://image.tmdb.org/t/p/w500/j1yZpgJzjDCbXyA7voSC7SEhcZY.jpg,https://image.tmdb.org/t/p/w500/q05WV8DwEiyLbCgSVtg55RbUzou.jpg,1292695,a8bfdaf5-8477-4595-9d81-561ad208d8d6,f908dce8-b0e9-4773-a9eb-dd76fc4af96b,2026-02-18 13:59:34.930009+00,227,,shW9i6k8cB0
tt31450459,Digger,דיגר,2026-10-01,https://image.tmdb.org/t/p/w500/tAvpvFXxbaeNmhcHwVPtZyLh76X.jpg,https://image.tmdb.org/t/p/w500/4A3r1AjJg9Wa6ms3MGOScetCY0o.jpg,1248832,0a3da5f2-4be0-4080-9f54-25a4b866f565,fb07e4e2-decd-4c6b-b385-bb66721fabf5,2026-02-03 16:31:12.954975+00,218,,shW9i6k8cB0
tt8814476,Supergirl,סופרגירל,2026-06-25,https://image.tmdb.org/t/p/w500/niSvU02l2BONH9ivubV6K1a5QiK.jpg,https://image.tmdb.org/t/p/w500/28PGUwfIkAByymJOb6KkJt5SgYw.jpg,1081003,fe04e49d-6fa4-44e2-a3da-470d6e9189d2,fb8fe5c9-b032-4d1b-a1bf-f2d6141c826f,2026-01-16 11:25:46.539229+00,144,,shW9i6k8cB0
tt26443616,Hoppers,קופצים בראש,2026-03-04,https://image.tmdb.org/t/p/w500/d7WizU73PscO3dQor0Ogfx9xy8N.jpg,https://image.tmdb.org/t/p/w500/2RrLuIfIzGWWIH8IAEo6o0IYHmx.jpg,1327819,61c9d7a8-cf3f-41d7-96d2-a001dcf6db82,fc545831-c36a-48b8-9825-e35fc827829f,2026-02-18 13:59:34.930009+00,228,,shW9i6k8cB0
tt1276104,Looper,לופר,2026-03-19,https://image.tmdb.org/t/p/w500/sNjL6SqErDBE8OUZlrDLkexfsCj.jpg,https://image.tmdb.org/t/p/w500/4GPCnwvTbsDleH5QIOyDLMsK8a2.jpg,59967,b3b3d403-3a4f-4158-87cb-515f857eb7d6,fe4740d2-bcf4-4697-a646-60d73a88a347,2026-01-20 17:07:19.74168+00,153,,shW9i6k8cB0
tt28650488,The Super Mario Galaxy Movie,סופר מריו גלקסי,2026-04-02,https://image.tmdb.org/t/p/w500/gZ3Tecr4QnM4RUIT7CVW3Q0s6tE.jpg,https://image.tmdb.org/t/p/w500/5U0tqruExz7ssDyr5pwiAGFzI8S.jpg,1226863,6012bbef-5478-48c5-9d46-00cb2ae7d4fe,fe4e10fb-c7d2-4ed2-a7c2-fb2c353e5c4d,2026-01-16 11:25:46.539229+00,144,,shW9i6k8cB0